organoid_type,doi,pmcid,first_author,year,journal,species,source_cell_type,license,has_methods,has_supplement,gold_candidate,flags,notes,pmid,title,cited_by,in_current_corpus
cardiac,10.1016/j.xpro.2026.104411,PMC12992950,O'Hern,2026,STAR protocols,tbd,tbd,CC-BY-NC,yes,tbd,yes,protocol-journal,auto: europepmc CITED/recency pull,41790550,Protocol to generate immunocompetent human heart-macrophage assembloids for the study of immune-cardiac interactions,0,no
cardiac,10.1242/dev.143438,PMC5358113,Giacomelli,2017,"Development (Cambridge, England)",tbd,tbd,CC-BY,yes,tbd,yes,tbd,auto: europepmc CITED/recency pull,28279973,Three-dimensional cardiac microtissues composed of cardiomyocytes and endothelial cells co-differentiated from human pluripotent stem cells,236,no
cardiac,10.1038/s41467-020-18031-5,PMC7471119,Lee,2020,Nature communications,tbd,tbd,CC-BY,yes,tbd,tbd,tbd,auto: europepmc CITED/recency pull,32883967,In vitro generation of functional murine heart organoids via FGF4 and extracellular matrix,105,no
cardiac,10.1038/s41536-021-00140-4,PMC8169890,Tenreiro,2021,NPJ Regenerative medicine,tbd,tbd,CC-BY,yes,tbd,tbd,tbd,auto: europepmc CITED/recency pull,34075050,Next generation of heart regenerative therapies: progress and promise of cardiac tissue engineering,98,no
cardiac,10.1038/s41598-022-22225-w,PMC9579206,Ergir,2022,Scientific reports,tbd,tbd,CC-BY,yes,tbd,tbd,tbd,auto: europepmc CITED/recency pull,36257968,Generation and maturation of human iPSC-derived 3D organotypic cardiac microtissues in long-term culture,73,no
cardiac,10.1016/j.stem.2020.05.004,PMC7284308,Giacomelli,2020,Cell stem cell,tbd,tbd,CC-BY,yes,tbd,yes,tbd,auto: europepmc CITED/recency pull,32459996,Human-iPSC-Derived Cardiac Stromal Cells Enhance Maturation in 3D Cardiac Microtissues and Reveal Non-cardiomyocyte Contributions to Heart Disease,466,no
cardiac,10.1038/s41467-021-25329-5,PMC8390749,Lewis-Israeli,2021,Nature communications,tbd,tbd,CC-BY,yes,tbd,yes,tbd,auto: europepmc CITED/recency pull,34446706,Self-assembling human heart organoids for the modeling of cardiac development and congenital heart disease,367,no
cardiac,10.1038/srep08883,PMC4352848,Mathur,2015,Scientific reports,tbd,tbd,CC-BY,yes,tbd,yes,tbd,auto: europepmc CITED/recency pull,25748532,Human iPSC-based cardiac microphysiological system for drug screening applications,364,no
cardiac,10.1038/s41598-018-28393-y,PMC6033897,Archer,2018,Scientific reports,tbd,tbd,CC-BY,yes,tbd,tbd,tbd,auto: europepmc CITED/recency pull,29976997,Characterization and Validation of a Human 3D Cardiac Microtissue for the Assessment of Changes in Cardiac Pathology,99,no
cardiac,10.1038/s41598-020-76062-w,PMC7645446,Abulaiti,2020,Scientific reports,tbd,tbd,CC-BY,yes,tbd,tbd,tbd,auto: europepmc CITED/recency pull,33154509,Establishment of a heart-on-a-chip microdevice based on human iPS cells for the evaluation of human heart tissue function,92,no
cardiac,10.1093/toxsci/kfw069,PMC4922542,Ravenscroft,2016,Toxicological sciences : an official journal of the Society of Toxicology,tbd,tbd,CC-BY,yes,tbd,tbd,tbd,auto: europepmc CITED/recency pull,27125969,Cardiac Non-myocyte Cells Show Enhanced Pharmacological Function Suggestive of Contractile Maturity in Stem Cell Derived Cardiomyocyte Microtissues,88,no
cardiac,10.1038/s41467-023-43999-1,PMC10716495,Volmert,2023,Nature communications,tbd,tbd,CC-BY,yes,tbd,tbd,tbd,auto: europepmc CITED/recency pull,38086920,A patterned human primitive heart organoid model generated by pluripotent stem cell self-organization,76,no
cardiac,10.1016/j.stem.2023.04.011,PMC10775018,Vandana,2023,Cell stem cell,tbd,tbd,CC-BY,yes,tbd,tbd,tbd,auto: europepmc CITED/recency pull,37146581,Human pluripotent-stem-cell-derived organoids for drug discovery and evaluation,74,no
cardiac,10.3389/fpubh.2018.00103,PMC5932352,Forsythe,2018,Frontiers in public health,tbd,tbd,CC-BY,yes,tbd,tbd,tbd,auto: europepmc CITED/recency pull,29755963,Environmental Toxin Screening Using Human-Derived 3D Bioengineered Liver and Cardiac Organoids,73,no
cardiac,10.3389/fgene.2021.767621,PMC8591288,Matsui,2021,Frontiers in genetics,tbd,tbd,CC-BY,yes,tbd,tbd,tbd,auto: europepmc CITED/recency pull,34790228,Human Organoids for Predictive Toxicology Research and Drug Development,67,no
cardiac,10.1038/s41551-018-0271-5,PMC6774355,MacQueen,2018,Nature biomedical engineering,tbd,tbd,unknown,yes,tbd,tbd,tbd,auto: europepmc CITED/recency pull,31015723,A tissue-engineered scale model of the heart ventricle,154,no
cardiac,10.1002/smll.202504493,PMC12895230,Mousavi,2026,"Small (Weinheim an der Bergstrasse, Germany)",tbd,tbd,CC-BY,yes,tbd,tbd,tbd,auto: europepmc CITED/recency pull,41474071,Heart-On-a-Chip with Integrated Ultrasoft Mechanosensors for Continuous Measurement of Cell- and Tissue-Scale Contractile Stresses,1,no
cardiac,10.3390/cells15111019,PMC13256626,Hosny,2026,Cells,tbd,tbd,CC-BY,yes,tbd,tbd,tbd,auto: europepmc CITED/recency pull,42274611,"Engineering Human Myocardium: Integrating the Maturation of hiPSC-Derived Cardiac Myocytes Across Genetic, Structural, Physiological and Multicellular Systems",0,no
cerebral,10.1016/j.xpro.2026.104568,PMC13213298,Krieg,2026,STAR protocols,tbd,tbd,CC-BY,yes,tbd,yes,protocol-journal,auto: europepmc CITED/recency pull,42154600,Protocol for validating drug efficacy and safety in scalable 96-well platforms of human cortical organoids and melanoma brain metastases,0,no
cerebral,10.1016/j.xpro.2026.104604,PMC13241891,Zayas,2026,STAR protocols,tbd,tbd,CC-BY-NC,yes,tbd,yes,protocol-journal,auto: europepmc CITED/recency pull,42224077,Protocol to generate microglia-containing cerebral organoids to model HIV neuroinflammation,0,no
cerebral,10.1038/nature12517,PMC3817409,Lancaster,2013,Nature,tbd,tbd,unknown,yes,tbd,yes,high-cited,auto: europepmc CITED/recency pull,23995685,Cerebral organoids model human brain development and microcephaly,3999,no
cerebral,10.1038/s41587-020-00763-w,PMC9042317,Miura,2020,Nature biotechnology,tbd,tbd,unknown,yes,tbd,yes,tbd,auto: europepmc CITED/recency pull,33273741,Generation of human striatal organoids and cortico-striatal assembloids from human pluripotent stem cells,328,no
cerebral,10.1016/j.stemcr.2017.03.010,PMC5425618,Monzel,2017,Stem cell reports,tbd,tbd,CC-BY-NC,yes,tbd,yes,tbd,auto: europepmc CITED/recency pull,28416282,Derivation of Human Midbrain-Specific Organoids from Neuroepithelial Stem Cells,314,no
cerebral,10.1038/s41586-019-1289-x,PMC6906116,Velasco,2019,Nature,tbd,tbd,unknown,yes,tbd,yes,high-cited,auto: europepmc CITED/recency pull,31168097,Individual brain organoids reproducibly form cell diversity of the human cerebral cortex,869,yes
cerebral,10.1038/nmeth.4304,PMC5540177,Bagley,2017,Nature methods,tbd,tbd,unknown,yes,tbd,yes,high-cited,auto: europepmc CITED/recency pull,28504681,Fused cerebral organoids model interactions between brain regions,608,no
cerebral,10.1038/s41467-018-06684-2,PMC6177485,Ormel,2018,Nature communications,tbd,tbd,CC-BY,yes,tbd,yes,tbd,auto: europepmc CITED/recency pull,30301888,Microglia innately develop within cerebral organoids,465,no
cerebral,10.1038/s41586-020-1962-0,PMC7433012,Bhaduri,2020,Nature,tbd,tbd,unknown,yes,tbd,yes,tbd,auto: europepmc CITED/recency pull,31996853,Cell stress in cortical organoids impairs molecular subtype specification,495,no
cerebral,10.1152/ajpcell.00120.2020,PMC7468890,Corrò,2020,American journal of physiology. Cell physiology,tbd,tbd,CC-BY,yes,tbd,yes,tbd,auto: europepmc CITED/recency pull,32459504,A brief history of organoids,358,no
cerebral,10.1038/s41593-019-0350-2,PMC6436729,Giandomenico,2019,Nature neuroscience,tbd,tbd,unknown,yes,tbd,yes,tbd,auto: europepmc CITED/recency pull,30886407,Cerebral organoids at the air-liquid interface generate diverse nerve tracts with functional output,468,no
cerebral,10.1371/journal.pbio.3000705,PMC7250475,Shi,2020,PLoS biology,tbd,tbd,CC-BY,yes,tbd,yes,tbd,auto: europepmc CITED/recency pull,32401820,Vascularized human cortical organoids (vOrganoids) model cortical development in vivo,299,no
cerebral,10.1038/s41592-018-0255-0,PMC6677388,Yoon,2019,Nature methods,tbd,tbd,unknown,yes,tbd,yes,tbd,auto: europepmc CITED/recency pull,30573846,Reliability of human cortical organoid generation,415,no
cerebral,10.1038/s41586-022-05279-8,PMC10499607,Fleck,2023,Nature,tbd,tbd,CC-BY,yes,tbd,yes,tbd,auto: europepmc CITED/recency pull,36198796,Inferring and perturbing cell fate regulomes in human brain organoids,280,no
cerebral,10.1038/s41467-021-24775-5,PMC8342542,Cho,2021,Nature communications,tbd,tbd,CC-BY,yes,tbd,yes,tbd,auto: europepmc CITED/recency pull,34354063,Microfluidic device with brain extracellular matrix promotes structural and functional maturation of human brain organoids,277,no
cerebral,10.1038/s41467-020-19264-0,PMC7608683,Zhao,2020,Nature communications,tbd,tbd,CC-BY,yes,tbd,yes,tbd,auto: europepmc CITED/recency pull,33139712,APOE4 exacerbates synapse loss and neurodegeneration in Alzheimer's disease patient iPSC-derived cerebral organoids,277,no
cerebral,10.1111/joa.13055,PMC6704245,Molnár,2019,Journal of anatomy,tbd,tbd,CC-BY,yes,tbd,yes,tbd,auto: europepmc CITED/recency pull,31373394,New insights into the development of the human cerebral cortex,271,no
cerebral,10.1038/s41586-021-03209-8,PMC8494642,Ziffra,2021,Nature,tbd,tbd,CC-BY,yes,tbd,yes,tbd,auto: europepmc CITED/recency pull,34616060,Single-cell epigenomics reveals mechanisms of human cortical development,263,no
gastric,10.1038/nature13863,PMC4270898,McCracken,2014,Nature,tbd,tbd,unknown,yes,tbd,yes,high-cited,auto: europepmc CITED/recency pull,25363776,Modelling human development and disease in pluripotent stem-cell-derived gastric organoids,743,yes
gastric,10.1038/s41467-019-13605-4,PMC6906306,Giobbe,2019,Nature communications,tbd,tbd,CC-BY,yes,tbd,yes,tbd,auto: europepmc CITED/recency pull,31827102,Extracellular matrix hydrogel derived from decellularized tissues enables endodermal organoid culture,365,no
gastric,10.1038/s41467-022-29279-4,PMC8967832,Kim,2022,Nature communications,tbd,tbd,CC-BY,yes,tbd,yes,tbd,auto: europepmc CITED/recency pull,35354790,Tissue extracellular matrix hydrogels as alternatives to Matrigel for culturing gastrointestinal organoids,260,no
gastric,10.1242/dmm.039347,PMC6679380,Lancaster,2019,Disease models & mechanisms,tbd,tbd,CC-BY,yes,tbd,yes,tbd,auto: europepmc CITED/recency pull,31383635,Disease modelling in human organoids,252,no
gastric,10.1038/s41467-018-05190-9,PMC6065407,Li,2018,Nature communications,tbd,tbd,CC-BY,yes,tbd,yes,tbd,auto: europepmc CITED/recency pull,30061675,Organoid cultures recapitulate esophageal adenocarcinoma heterogeneity providing a model for clonality studies and precision therapeutics,245,no
gastric,10.1038/s41423-019-0339-5,PMC6952403,Takahashi-Kanemitsu,2020,Cellular & molecular immunology,tbd,tbd,CC-BY,yes,tbd,tbd,tbd,auto: europepmc CITED/recency pull,31804619,Molecular anatomy and pathogenic actions of Helicobacter pylori CagA that underpin gastric carcinogenesis,188,no
gastric,10.1038/s41467-019-10676-1,PMC6588585,Eissmann,2019,Nature communications,tbd,tbd,CC-BY,yes,tbd,tbd,tbd,auto: europepmc CITED/recency pull,31227713,IL-33-mediated mast cell activation promotes gastric cancer through macrophage mobilization,183,no
gastric,10.1186/s40164-018-0122-9,PMC6282260,Xu,2018,Experimental hematology & oncology,tbd,tbd,CC-BY,yes,tbd,tbd,tbd,auto: europepmc CITED/recency pull,30534474,"Organoid technology in disease modelling, drug development, personalized treatment and regeneration medicine",128,no
gastric,10.18632/oncotarget.26473,PMC6324774,Chakrabarti,2018,Oncotarget,tbd,tbd,CC-BY,yes,tbd,tbd,tbd,auto: europepmc CITED/recency pull,30647844,Hedgehog signaling induces PD-L1 expression and tumor cell proliferation in gastric cancer,114,no
gastric,10.1186/s13059-014-0428-9,PMC4145231,Nadauld,2014,Genome biology,tbd,tbd,CC-BY,yes,tbd,tbd,tbd,auto: europepmc CITED/recency pull,25315765,Metastatic tumor evolution and organoid modeling implicate TGFBR2 as a cancer driver in diffuse gastric cancer,102,no
gastric,10.1038/s12276-020-0386-0,PMC7062772,Min,2020,Experimental & molecular medicine,tbd,tbd,CC-BY,yes,tbd,tbd,tbd,auto: europepmc CITED/recency pull,32103122,Gastrointestinal tract modeling using organoids engineered with cellular and microbiota niches,90,no
gastric,10.1155/2016/3710836,PMC4677245,Pastuła,2016,Stem cells international,tbd,tbd,CC-BY,yes,tbd,tbd,tbd,auto: europepmc CITED/recency pull,26697073,Three-Dimensional Gastrointestinal Organoid Culture in Combination with Nerves or Fibroblasts: A Method to Characterize the Gastrointestinal Stem Cell Niche,85,no
gastric,10.1186/s13046-018-0993-y,PMC6302516,Zhang,2018,Journal of experimental & clinical cancer research : CR,tbd,tbd,CC-BY,yes,tbd,tbd,tbd,auto: europepmc CITED/recency pull,30572959,Novel role of miR-133a-3p in repressing gastric cancer growth and metastasis via blocking autophagy-mediated glutaminolysis,84,no
gastric,10.1242/dmm.027649,PMC5312008,Burkitt,2017,Disease models & mechanisms,tbd,tbd,CC-BY,yes,tbd,tbd,tbd,auto: europepmc CITED/recency pull,28151409,Helicobacter pylori-induced gastric pathology: insights from in vivo and ex vivo models,84,no
gastric,10.1186/s13619-020-00059-z,PMC7603915,Li,2020,"Cell regeneration (London, England)",tbd,tbd,CC-BY,yes,tbd,tbd,tbd,auto: europepmc CITED/recency pull,33135109,Organoid based personalized medicine: from bench to bedside,83,no
gastric,10.1038/s41416-020-0993-5,PMC7555542,Porter,2020,British journal of cancer,tbd,tbd,CC-BY,yes,tbd,tbd,tbd,auto: europepmc CITED/recency pull,32728094,Current concepts in tumour-derived organoids,76,no
gastric,10.1155/2019/8472712,PMC6595382,Jee,2019,Stem cells international,tbd,tbd,CC-BY,yes,tbd,tbd,tbd,auto: europepmc CITED/recency pull,31312220,Development of Collagen-Based 3D Matrix for Gastrointestinal Tract-Derived Organoid Culture,69,no
gastric,10.1038/s41418-020-00662-2,PMC7852679,Seidlitz,2021,Cell death and differentiation,tbd,tbd,CC-BY,yes,tbd,tbd,tbd,auto: europepmc CITED/recency pull,33223522,Gastric organoids-an in vitro model system for the study of gastric development and road to personalized medicine,66,no
intestinal,10.1038/nprot.2016.006,PMC4793718,Drost,2016,Nature protocols,tbd,tbd,unknown,yes,tbd,yes,protocol-journal;high-cited,auto: europepmc CITED/recency pull,26797458,Organoid culture systems for prostate epithelial and cancer tissue,574,no
intestinal,10.1038/s41578-021-00279-y,PMC7893133,Hofer,2021,Nature reviews. Materials,tbd,tbd,unknown,yes,tbd,yes,high-cited,auto: europepmc CITED/recency pull,33623712,Engineering organoids,765,no
intestinal,10.3390/ijms23031105,PMC8835596,Portincasa,2022,International journal of molecular sciences,tbd,tbd,CC-BY,yes,tbd,yes,high-cited,auto: europepmc CITED/recency pull,35163038,Gut Microbiota and Short Chain Fatty Acids: Implications in Glucose Homeostasis,605,no
intestinal,10.1038/s41586-021-03852-1,PMC8426186,Elmentaite,2021,Nature,tbd,tbd,CC-BY,yes,tbd,yes,high-cited,auto: europepmc CITED/recency pull,34497389,Cells of the human intestinal tract mapped across space and time,598,no
intestinal,10.1038/nature17173,PMC4846772,Beyaz,2016,Nature,tbd,tbd,unknown,yes,tbd,yes,high-cited,auto: europepmc CITED/recency pull,26935695,High-fat diet enhances stemness and tumorigenicity of intestinal progenitors,680,no
intestinal,10.1038/s41598-018-21201-7,PMC5811607,Kasendra,2018,Scientific reports,tbd,tbd,CC-BY,yes,tbd,yes,high-cited,auto: europepmc CITED/recency pull,29440725,Development of a primary human Small Intestine-on-a-Chip using biopsy-derived organoids,543,no
intestinal,10.1038/nm.4307,PMC5420447,West,2017,Nature medicine,tbd,tbd,unknown,yes,tbd,yes,high-cited,auto: europepmc CITED/recency pull,28368383,Oncostatin M drives intestinal inflammation and predicts response to tumor necrosis factor-neutralizing therapy in patients with inflammatory bowel disease,635,no
intestinal,10.1038/ncomms11535,PMC4865890,Shah,2016,Nature communications,tbd,tbd,CC-BY,yes,tbd,yes,tbd,auto: europepmc CITED/recency pull,27168102,A microfluidics-based in vitro model of the gastrointestinal human-microbe interface,461,no
intestinal,10.1016/j.stem.2017.11.001,PMC5766831,Yui,2018,Cell stem cell,tbd,tbd,CC-BY-NC,yes,tbd,yes,high-cited,auto: europepmc CITED/recency pull,29249464,YAP/TAZ-Dependent Reprogramming of Colonic Epithelium Links ECM Remodeling to Tissue Regeneration,563,no
intestinal,10.1038/s41467-017-02651-5,PMC5760624,Fellows,2018,Nature communications,tbd,tbd,CC-BY,yes,tbd,yes,tbd,auto: europepmc CITED/recency pull,29317660,Microbiota derived short chain fatty acids promote histone crotonylation in the colon through histone deacetylases,405,no
intestinal,10.1038/s41467-020-15831-7,PMC7181728,Tajik,2020,Nature communications,tbd,tbd,CC-BY,yes,tbd,yes,tbd,auto: europepmc CITED/recency pull,32332732,Targeting zonulin and intestinal epithelial barrier function to prevent onset of arthritis,374,no
intestinal,10.1016/j.immuni.2018.07.010,PMC6104739,Metidji,2018,Immunity,tbd,tbd,CC-BY,yes,tbd,yes,tbd,auto: europepmc CITED/recency pull,30119997,The Environmental Sensor AHR Protects from Inflammatory Damage by Maintaining Intestinal Stem Cell Homeostasis and Barrier Integrity,331,no
intestinal,10.3390/cells9081909,PMC7463717,Schoultz,2020,Cells,tbd,tbd,CC-BY,yes,tbd,yes,tbd,auto: europepmc CITED/recency pull,32824536,The Intestinal Barrier and Current Techniques for the Assessment of Gut Permeability,321,no
intestinal,10.1038/ncb3632,PMC5664213,Cruz-Acuña,2017,Nature cell biology,tbd,tbd,unknown,yes,tbd,yes,tbd,auto: europepmc CITED/recency pull,29058719,Synthetic hydrogels for human intestinal organoid generation and colonic wound repair,435,no
intestinal,10.1038/s41392-022-01024-9,PMC9127490,Tang,2022,Signal transduction and targeted therapy,tbd,tbd,CC-BY,yes,tbd,yes,tbd,auto: europepmc CITED/recency pull,35610212,Human organoids in basic research and clinical applications,298,no
intestinal,10.1038/s41586-019-1146-y,PMC6544541,Serra,2019,Nature,tbd,tbd,unknown,yes,tbd,yes,tbd,auto: europepmc CITED/recency pull,31019299,Self-organization and symmetry breaking in intestinal organoid development,423,no
intestinal,10.1038/s42003-021-02910-8,PMC8664924,Kozlowski,2021,Communications biology,tbd,tbd,CC-BY,yes,tbd,yes,tbd,auto: europepmc CITED/recency pull,34893703,Towards organoid culture without Matrigel,285,no
intestinal,10.1038/mi.2017.118,PMC5976519,Zhao,2018,Mucosal immunology,tbd,tbd,unknown,yes,tbd,yes,tbd,auto: europepmc CITED/recency pull,29411774,GPR43 mediates microbiota metabolite SCFA regulation of antimicrobial peptide expression in intestinal epithelial cells via activation of mTOR and STAT3,379,no
kidney,10.1038/ncomms9715,PMC4620584,Freedman,2015,Nature communications,tbd,tbd,CC-BY,yes,tbd,yes,high-cited,auto: europepmc CITED/recency pull,26493500,Modelling kidney disease with CRISPR-mutant kidney organoids derived from human pluripotent epiblast spheroids,594,yes
kidney,10.1038/nbt.3392,PMC4747858,Morizane,2015,Nature biotechnology,tbd,tbd,unknown,yes,tbd,yes,high-cited,auto: europepmc CITED/recency pull,26458176,Nephron organoids derived from human pluripotent stem cells model kidney development and injury,721,yes
kidney,10.1038/s41467-021-23911-5,PMC8206157,Zeng,2021,Nature communications,tbd,tbd,CC-BY,yes,tbd,tbd,tbd,auto: europepmc CITED/recency pull,34131121,Generation of patterned kidney organoids that recapitulate the adult kidney collecting duct system from expandable ureteric bud progenitors,94,no
kidney,10.1038/s41592-019-0325-y,PMC6488032,Homan,2019,Nature methods,tbd,tbd,unknown,yes,tbd,yes,high-cited,auto: europepmc CITED/recency pull,30742039,Flow-enhanced vascularization and maturation of kidney organoids in vitro,691,no
kidney,10.3390/cancers13040874,PMC7922036,Gunti,2021,Cancers,tbd,tbd,CC-BY,yes,tbd,yes,tbd,auto: europepmc CITED/recency pull,33669619,Organoid and Spheroid Tumor Models: Techniques and Applications,300,no
kidney,10.1038/s41467-020-15155-6,PMC7066173,Calandrini,2020,Nature communications,tbd,tbd,CC-BY,yes,tbd,yes,tbd,auto: europepmc CITED/recency pull,32161258,An organoid biobank for childhood kidney cancers that captures disease and tissue heterogeneity,229,no
kidney,10.1016/j.stemcr.2018.01.041,PMC5918682,van,2018,Stem cell reports,tbd,tbd,CC-BY-NC,yes,tbd,yes,tbd,auto: europepmc CITED/recency pull,29503086,Renal Subcapsular Transplantation of PSC-Derived Kidney Organoids Induces Neo-vasculogenesis and Significant Glomerular and Tubular Maturation In Vivo,327,no
kidney,10.1038/s41467-018-07594-z,PMC6279764,Hale,2018,Nature communications,tbd,tbd,CC-BY,yes,tbd,tbd,tbd,auto: europepmc CITED/recency pull,30514835,3D organoid-derived human glomeruli for personalised podocyte disease modelling and drug screening,185,no
kidney,10.1186/s13073-019-0615-0,PMC6345028,Combes,2019,Genome medicine,tbd,tbd,CC-BY,yes,tbd,tbd,tbd,auto: europepmc CITED/recency pull,30674341,Single-cell analysis reveals congruence between kidney organoids and human fetal kidney,175,no
kidney,10.1038/s41467-019-13382-0,PMC6884507,Subramanian,2019,Nature communications,tbd,tbd,CC-BY,yes,tbd,tbd,tbd,auto: europepmc CITED/recency pull,31784515,Single cell census of human kidney organoids shows reproducibility and diminished off-target cells after transplantation,174,no
kidney,10.1038/s41563-020-00853-9,PMC7855371,Lawlor,2021,Nature materials,tbd,tbd,unknown,yes,tbd,yes,tbd,auto: europepmc CITED/recency pull,33230326,Cellular extrusion bioprinting improves kidney organoid reproducibility and conformation,300,no
kidney,10.1038/s41378-020-00185-3,PMC8433138,Velasco,2020,Microsystems & nanoengineering,tbd,tbd,CC-BY,yes,tbd,tbd,tbd,auto: europepmc CITED/recency pull,34567686,Microtechnology-based methods for organoid models,162,no
kidney,10.1038/s41419-019-1453-0,PMC6393468,Grassi,2019,Cell death & disease,tbd,tbd,CC-BY,yes,tbd,tbd,tbd,auto: europepmc CITED/recency pull,30814510,Organoids as a new model for improving regenerative medicine and cancer personalized therapy in renal diseases,125,no
kidney,10.1242/dev.172361,PMC6432662,Kumar,2019,"Development (Cambridge, England)",tbd,tbd,CC-BY,yes,tbd,tbd,tbd,auto: europepmc CITED/recency pull,30846463,Kidney micro-organoids in suspension culture as a scalable source of human pluripotent stem cell-derived kidney cells,120,no
kidney,10.1038/s41467-019-12872-5,PMC6910926,Barry,2019,Nature communications,tbd,tbd,CC-BY,yes,tbd,tbd,tbd,auto: europepmc CITED/recency pull,31836710,Molecular determinants of nephron vascular specialization in the kidney,111,no
kidney,10.1002/advs.202103526,PMC9130892,Kim,2022,"Advanced science (Weinheim, Baden-Wurttemberg, Germany)",tbd,tbd,CC-BY,yes,tbd,tbd,tbd,auto: europepmc CITED/recency pull,35322595,Kidney Decellularized Extracellular Matrix Enhanced the Vascularization and Maturation of Human Kidney Organoids,104,no
kidney,10.1038/nmat4994,PMC5936694,Cruz,2017,Nature materials,tbd,tbd,unknown,yes,tbd,yes,tbd,auto: europepmc CITED/recency pull,28967916,Organoid cystogenesis reveals a critical role of microenvironment in human polycystic kidney disease,235,no
kidney,10.1016/j.stemcr.2018.06.018,PMC6092837,Przepiorski,2018,Stem cell reports,tbd,tbd,CC-BY-NC,yes,tbd,yes,tbd,auto: europepmc CITED/recency pull,30033089,A Simple Bioreactor-Based Method to Generate Kidney Organoids from Pluripotent Stem Cells,204,no
liver,10.1016/j.cell.2014.11.050,PMC4313365,Huch,2015,Cell,tbd,tbd,CC-BY,yes,tbd,yes,high-cited,auto: europepmc CITED/recency pull,25533785,Long-term culture of genome-stable bipotent stem cells from adult human liver,1222,yes
liver,10.1038/s41467-020-17161-0,PMC7351772,Sorrentino,2020,Nature communications,tbd,tbd,CC-BY,yes,tbd,tbd,tbd,auto: europepmc CITED/recency pull,32651372,Mechano-modulatory synthetic niches for liver organoid derivation,161,no
liver,10.1016/j.stemcr.2019.08.007,PMC6829764,Akbari,2019,Stem cell reports,tbd,tbd,CC-BY-NC,yes,tbd,tbd,tbd,auto: europepmc CITED/recency pull,31522975,"Robust, Long-Term Culture of Endoderm-Derived Hepatic Organoids for Disease Modeling",110,no
liver,10.1038/nm.4438,PMC5722201,Broutier,2017,Nature medicine,tbd,tbd,unknown,yes,tbd,yes,high-cited,auto: europepmc CITED/recency pull,29131160,Human primary liver cancer-derived organoid cultures for disease modeling and drug screening,1078,yes
liver,10.1007/s00204-013-1078-5,PMC3753504,Godoy,2013,Archives of toxicology,tbd,tbd,CC-BY-NC,yes,tbd,yes,high-cited,auto: europepmc CITED/recency pull,23974980,"Recent advances in 2D and 3D in vitro systems using primary hepatocytes, alternative hepatocyte sources and non-parenchymal liver cells and their use in investigating mechanisms of hepatotoxicity, cell signaling and ADME",931,no
liver,10.1136/gutjnl-2019-319256,PMC6872443,Prior,2019,Gut,tbd,tbd,CC-BY,yes,tbd,yes,tbd,auto: europepmc CITED/recency pull,31300517,Liver organoids: from basic research to therapeutic applications,259,no
liver,10.1186/s13045-018-0662-9,PMC6139148,Xu,2018,Journal of hematology & oncology,tbd,tbd,CC-BY,yes,tbd,yes,tbd,auto: europepmc CITED/recency pull,30219074,Organoid technology and applications in cancer research,245,no
liver,10.1002/mco2.274,PMC10192887,Yang,2023,MedComm,tbd,tbd,CC-BY,yes,tbd,tbd,tbd,auto: europepmc CITED/recency pull,37215622,Organoids: The current status and biomedical applications,162,no
liver,10.1038/s41587-023-01680-4,PMC10635827,Hendriks,2023,Nature biotechnology,tbd,tbd,CC-BY,yes,tbd,tbd,tbd,auto: europepmc CITED/recency pull,36823355,Engineered human hepatocyte organoids enable CRISPR-based target discovery and drug screening for steatosis,156,no
liver,10.1038/s41467-018-02969-8,PMC5813240,Ortega-Prieto,2018,Nature communications,tbd,tbd,CC-BY,yes,tbd,tbd,tbd,auto: europepmc CITED/recency pull,29445209,3D microfluidic liver cultures as a physiological preclinical tool for hepatitis B virus infection,155,no
liver,10.3389/fphar.2021.671640,PMC8134740,Acharya,2021,Frontiers in pharmacology,tbd,tbd,CC-BY,yes,tbd,tbd,tbd,auto: europepmc CITED/recency pull,34025430,Cellular Mechanisms of Liver Fibrosis,134,no
liver,10.3390/mi10030165,PMC6470849,Yu,2019,Micromachines,tbd,tbd,CC-BY,yes,tbd,tbd,tbd,auto: europepmc CITED/recency pull,30818801,Engineering Microfluidic Organoid-on-a-Chip Platforms,133,no
liver,10.7554/elife.60747,PMC8384419,De,2021,eLife,tbd,tbd,CC-BY,yes,tbd,tbd,tbd,auto: europepmc CITED/recency pull,34328417,Application of human liver organoids as a patient-derived primary model for HBV infection and related hepatocellular carcinoma,109,no
liver,10.1002/advs.202103495,PMC8844474,Tao,2022,"Advanced science (Weinheim, Baden-Wurttemberg, Germany)",tbd,tbd,CC-BY,yes,tbd,tbd,tbd,auto: europepmc CITED/recency pull,34951149,Microengineered Multi-Organoid System from hiPSCs to Recapitulate Human Liver-Islet Axis in Normal and Type 2 Diabetes,108,no
liver,10.1038/s41467-021-26410-9,PMC8536785,Guan,2021,Nature communications,tbd,tbd,CC-BY,yes,tbd,tbd,tbd,auto: europepmc CITED/recency pull,34686668,A human multi-lineage hepatic organoid model for liver fibrosis,105,no
liver,10.1016/j.jhepr.2020.100198,PMC7672322,Nuciforo,2021,JHEP reports : innovation in hepatology,tbd,tbd,CC-BY,yes,tbd,tbd,tbd,auto: europepmc CITED/recency pull,33241206,Organoids to model liver disease,105,no
liver,10.1038/s41598-018-21200-8,PMC5811529,Mazzocchi,2018,Scientific reports,tbd,tbd,CC-BY,yes,tbd,tbd,tbd,auto: europepmc CITED/recency pull,29440675,In vitro patient-derived 3D mesothelioma tumor organoids facilitate patient-centric therapeutic screening,105,no
liver,10.1016/j.ebiom.2018.08.014,PMC6156717,Nie,2018,EBioMedicine,tbd,tbd,CC-BY-NC,yes,tbd,tbd,tbd,auto: europepmc CITED/recency pull,30120080,Recapitulation of hepatitis B virus-host interactions in liver organoids from human induced pluripotent stem cells,141,no
lung,10.1002/cpz1.70372,PMC13130368,Tran,2026,Current protocols,tbd,tbd,CC-BY-NC,yes,tbd,yes,protocol-journal,auto: europepmc CITED/recency pull,42059385,Immortalization of Human Adult Alveolar Epithelial Cells to Study Environmental Exposures of the Distal Lung,0,no
lung,10.7554/elife.05098,PMC4370217,Dye,2015,eLife,tbd,tbd,CC-BY,yes,tbd,yes,high-cited,auto: europepmc CITED/recency pull,25803487,In vitro generation of human pluripotent stem cell derived lung organoids,610,yes
lung,10.1016/j.stemcr.2017.11.012,PMC5770275,Miller,2018,Stem cell reports,tbd,tbd,CC-BY-NC,yes,tbd,tbd,tbd,auto: europepmc CITED/recency pull,29249664,In Vitro Induction and In Vivo Engraftment of Lung Bud Tip Progenitor Cells Derived from Human Pluripotent Stem Cells,194,no
lung,10.15252/embj.2018100300,PMC6376275,Sachs,2019,The EMBO journal,tbd,tbd,CC-BY-NC,yes,tbd,yes,high-cited,auto: europepmc CITED/recency pull,30643021,Long-term expanding human airway organoids for disease modeling,840,yes
lung,10.1038/s41467-019-11867-6,PMC6728380,Kim,2019,Nature communications,tbd,tbd,CC-BY,yes,tbd,yes,high-cited,auto: europepmc CITED/recency pull,31488816,Patient-derived lung cancer organoids as in vitro cancer models for therapeutic screening,588,no
lung,10.1016/j.stem.2020.06.020,PMC7487779,Choi,2020,Cell stem cell,tbd,tbd,CC-BY,yes,tbd,yes,high-cited,auto: europepmc CITED/recency pull,32750316,Inflammatory Signals Induce AT2 Cell-Derived Damage-Associated Transient Progenitors that Mediate Alveolar Regeneration,547,no
lung,10.1038/s41586-023-05874-3,PMC7614604,Hill,2023,Nature,tbd,tbd,CC-BY,yes,tbd,yes,high-cited,auto: europepmc CITED/recency pull,37020004,Lung adenocarcinoma promotion by air pollutants,544,no
lung,10.1038/nature25786,PMC6020060,Zacharias,2018,Nature,tbd,tbd,unknown,yes,tbd,yes,high-cited,auto: europepmc CITED/recency pull,29489752,Regeneration of the lung alveolus by an evolutionarily conserved epithelial progenitor,619,no
lung,10.1016/j.cell.2017.07.028,PMC5607351,Lee,2017,Cell,tbd,tbd,CC-BY,yes,tbd,yes,tbd,auto: europepmc CITED/recency pull,28886383,Anatomically and Functionally Distinct Lung Mesenchymal Populations Marked by Lgr5 and Lgr6,322,no
lung,10.1242/dev.163014,PMC5992594,Chung,2018,"Development (Cambridge, England)",tbd,tbd,CC-BY,yes,tbd,yes,tbd,auto: europepmc CITED/recency pull,29752282,Niche-mediated BMP/SMAD signaling regulates lung alveolar stem cell proliferation and differentiation,274,no
lung,10.7554/elife.26575,PMC5555721,Nikolić,2017,eLife,tbd,tbd,CC-BY,yes,tbd,yes,tbd,auto: europepmc CITED/recency pull,28665271,Human embryonic lung epithelial tips are multipotent progenitors that can be expanded in vitro as long-term self-renewing organoids,238,no
lung,10.1016/j.stem.2020.03.009,PMC7128675,Basil,2020,Cell stem cell,tbd,tbd,unknown,yes,tbd,yes,tbd,auto: europepmc CITED/recency pull,32243808,"The Cellular and Physiological Basis for Lung Repair and Regeneration: Past, Present, and Future",331,no
lung,10.1038/s41564-018-0177-8,PMC6027984,Heo,2018,Nature microbiology,tbd,tbd,unknown,yes,tbd,yes,tbd,auto: europepmc CITED/recency pull,29946163,Modelling Cryptosporidium infection in human small intestinal and lung organoids,316,no
lung,10.7554/elife.19732,PMC5089859,Dye,2016,eLife,tbd,tbd,CC-BY,yes,tbd,tbd,tbd,auto: europepmc CITED/recency pull,27677847,A bioengineered niche promotes in vivo engraftment and maturation of pluripotent stem cell derived human lung organoids,155,no
lung,10.1073/pnas.1806308115,PMC6042130,Zhou,2018,Proceedings of the National Academy of Sciences of the United States of America,tbd,tbd,CC-BY-NC,yes,tbd,yes,tbd,auto: europepmc CITED/recency pull,29891677,Differentiated human airway organoids to assess infectivity of emerging influenza virus,268,no
lung,10.1038/s41556-021-00809-4,PMC8761168,Kathiriya,2022,Nature cell biology,tbd,tbd,unknown,yes,tbd,yes,tbd,auto: europepmc CITED/recency pull,34969962,Human alveolar type 2 epithelium transdifferentiates into metaplastic KRT5<sup>+</sup> basal cells,228,no
lung,10.1073/pnas.1719474115,PMC5877944,Wang,2018,Proceedings of the National Academy of Sciences of the United States of America,tbd,tbd,CC-BY-NC,yes,tbd,tbd,tbd,auto: europepmc CITED/recency pull,29463737,Pulmonary alveolar type I cell population consists of two distinct subtypes that differ in cell fate,185,no
lung,10.1038/s41586-020-2882-8,PMC7718297,Conlon,2020,Nature,tbd,tbd,unknown,yes,tbd,tbd,tbd,auto: europepmc CITED/recency pull,33149305,Inhibition of LTβR signalling activates WNT-induced regeneration in lung,145,no
pancreatic,10.3390/bioengineering12111222,PMC12650645,Song,2025,"Bioengineering (Basel, Switzerland)",tbd,tbd,CC-BY,yes,tbd,tbd,tbd,auto: europepmc CITED/recency pull,41301178,A Protocol for the In Vitro Culturing of Vascularized Pancreatic Islet Organoids,0,no
pancreatic,10.1038/emboj.2013.204,PMC3801438,Huch,2013,The EMBO journal,tbd,tbd,CC-BY,yes,tbd,yes,high-cited,auto: europepmc CITED/recency pull,24045232,Unlimited in vitro expansion of adult bi-potent pancreas progenitors through the Lgr5/R-spondin axis,585,no
pancreatic,10.1186/s13045-022-01278-4,PMC9103066,Xu,2022,Journal of hematology & oncology,tbd,tbd,CC-BY,yes,tbd,tbd,tbd,auto: europepmc CITED/recency pull,35551634,Tumor organoids: applications in cancer modeling and potentials in precision medicine,198,no
pancreatic,10.1177/2472555218766842,PMC6013403,Hou,2018,SLAS discovery : advancing life sciences R & D,tbd,tbd,CC-BY,yes,tbd,tbd,tbd,auto: europepmc CITED/recency pull,29673279,Advanced Development of Primary Pancreatic Organoid Tumor Models for High-Throughput Phenotypic Drug Screening,128,no
pancreatic,10.1038/s41467-019-12472-3,PMC6776618,Lebreton,2019,Nature communications,tbd,tbd,CC-BY,yes,tbd,tbd,tbd,auto: europepmc CITED/recency pull,31582751,Insulin-producing organoids engineered from islet and amniotic epithelial cells to treat diabetes,111,no
pancreatic,10.1002/advs.201903739,PMC7284190,Liu,2020,"Advanced science (Weinheim, Baden-Wurttemberg, Germany)",tbd,tbd,CC-BY,yes,tbd,tbd,tbd,auto: europepmc CITED/recency pull,32537414,A Droplet Microfluidic System to Fabricate Hybrid Capsules Enabling Stem Cell Organoid Engineering,108,no
pancreatic,10.1038/s41586-019-1598-0,PMC7643931,Koike,2019,Nature,tbd,tbd,unknown,yes,tbd,yes,tbd,auto: europepmc CITED/recency pull,31554966,Modelling human hepato-biliary-pancreatic organogenesis from the foregut-midgut boundary,240,no
pancreatic,10.3389/fonc.2020.00553,PMC7242740,Sharick,2020,Frontiers in oncology,tbd,tbd,CC-BY,yes,tbd,tbd,tbd,auto: europepmc CITED/recency pull,32500020,Metabolic Heterogeneity in Patient Tumor-Derived Organoids by Primary Site and Drug Treatment,106,no
pancreatic,10.15252/emmm.202012616,PMC7799357,Nalbach,2021,EMBO molecular medicine,tbd,tbd,CC-BY,yes,tbd,tbd,tbd,auto: europepmc CITED/recency pull,33135383,Improvement of islet transplantation by the fusion of islet cells with functional blood vessels,85,no
pancreatic,10.1038/s41467-019-13086-5,PMC6853918,Chan,2019,Nature communications,tbd,tbd,CC-BY,yes,tbd,tbd,tbd,auto: europepmc CITED/recency pull,31723131,eIF4A supports an oncogenic translation program in pancreatic ductal adenocarcinoma,85,no
pancreatic,10.1186/s12861-020-0209-5,PMC7043048,Georgakopoulos,2020,BMC developmental biology,tbd,tbd,CC-BY,yes,tbd,tbd,tbd,auto: europepmc CITED/recency pull,32098630,"Long-term expansion, genomic stability and in vivo safety of adult human pancreas organoids",82,no
pancreatic,10.7554/elife.53381,PMC7200154,Somerville,2020,eLife,tbd,tbd,CC-BY,yes,tbd,tbd,tbd,auto: europepmc CITED/recency pull,32329713,Squamous trans-differentiation of pancreatic cancer cells promotes stromal inflammation,79,no
pancreatic,10.1038/s41467-022-29857-6,PMC9023604,Shi,2022,Nature communications,tbd,tbd,CC-BY,yes,tbd,tbd,tbd,auto: europepmc CITED/recency pull,35449156,Integrated profiling of human pancreatic cancer organoids reveals chromatin accessibility features associated with drug sensitivity,76,no
pancreatic,10.3390/biomedicines5040065,PMC5744089,Pelosi,2017,Biomedicines,tbd,tbd,CC-BY,yes,tbd,tbd,tbd,auto: europepmc CITED/recency pull,29156578,"Pancreatic Cancer: Molecular Characterization, Clonal Evolution and Cancer Stem Cells",74,no
pancreatic,10.1016/j.celrep.2018.10.051,PMC6296757,Somerville,2018,Cell reports,tbd,tbd,CC-BY-NC,yes,tbd,tbd,tbd,auto: europepmc CITED/recency pull,30428345,TP63-Mediated Enhancer Reprogramming Drives the Squamous Subtype of Pancreatic Ductal Adenocarcinoma,179,no
pancreatic,10.1136/gutjnl-2016-312423,PMC5534761,Hohwieler,2017,Gut,tbd,tbd,CC-BY-NC,yes,tbd,tbd,tbd,auto: europepmc CITED/recency pull,27633923,Human pluripotent stem cell-derived acinar/ductal organoids generate human pancreas upon orthotopic transplantation and allow disease modelling,177,no
pancreatic,10.1016/j.celrep.2017.11.003,PMC6082139,Nicolle,2017,Cell reports,tbd,tbd,CC-BY-NC,yes,tbd,tbd,tbd,auto: europepmc CITED/recency pull,29186684,Pancreatic Adenocarcinoma Therapeutic Targets Revealed by Tumor-Stroma Cross-Talk Analyses in Patient-Derived Xenografts,171,no
pancreatic,10.1038/s41556-025-01832-5,PMC12807866,Lee,2026,Nature cell biology,tbd,tbd,CC-BY,yes,tbd,tbd,tbd,auto: europepmc CITED/recency pull,41419573,Permeability-driven pressure and cell proliferation control lumen morphogenesis in pancreatic organoids,3,no
retinal,10.1038/s41598-018-32871-8,PMC6162218,Fligor,2018,Scientific reports,tbd,tbd,CC-BY,yes,tbd,tbd,tbd,auto: europepmc CITED/recency pull,30266927,"Three-Dimensional Retinal Organoids Facilitate the Investigation of Retinal Ganglion Cell Development, Organization and Neurite Outgrowth from Human Pluripotent Stem Cells",139,no
retinal,10.1016/j.stemcr.2016.03.001,PMC4834051,Völkner,2016,Stem cell reports,tbd,tbd,CC-BY-NC,yes,tbd,tbd,tbd,auto: europepmc CITED/recency pull,27050948,Retinal Organoids from Pluripotent Stem Cells Efficiently Recapitulate Retinogenesis,200,no
retinal,10.1016/j.stemcr.2017.11.001,PMC5768666,DiStefano,2018,Stem cell reports,tbd,tbd,CC-BY-NC,yes,tbd,tbd,tbd,auto: europepmc CITED/recency pull,29233554,Accelerated and Improved Differentiation of Retinal Organoids from Pluripotent Stem Cells in Rotating-Wall Vessel Bioreactors,138,no
retinal,10.1016/j.stemcr.2018.07.005,PMC6135113,Gagliardi,2018,Stem cell reports,tbd,tbd,CC-BY-NC,yes,tbd,tbd,tbd,auto: europepmc CITED/recency pull,30100409,Characterization and Transplantation of CD73-Positive Photoreceptors Isolated from Human iPSC-Derived Retinal Organoids,121,no
retinal,10.1016/j.cell.2020.08.013,PMC7505495,Cowan,2020,Cell,tbd,tbd,CC-BY,yes,tbd,yes,high-cited,auto: europepmc CITED/recency pull,32946783,Cell Types of the Human Retina and Its Organoids at Single-Cell Resolution,536,no
retinal,10.7554/elife.46188,PMC6777939,Achberger,2019,eLife,tbd,tbd,CC-BY,yes,tbd,yes,tbd,auto: europepmc CITED/recency pull,31451149,Merging organoid and organ-on-a-chip technology to generate complex multi-layer tissue models in a human retina-on-a-chip platform,277,no
retinal,10.1126/science.aau6348,PMC6249681,Eldred,2018,"Science (New York, N.Y.)",tbd,tbd,CC-BY,yes,tbd,yes,tbd,auto: europepmc CITED/recency pull,30309916,Thyroid hormone signaling specifies cone subtypes in human retinal organoids,218,no
retinal,10.1016/j.stemcr.2018.02.003,PMC5998840,Deng,2018,Stem cell reports,tbd,tbd,CC-BY,yes,tbd,tbd,tbd,auto: europepmc CITED/recency pull,29526738,Gene Correction Reverses Ciliopathy and Photoreceptor Loss in iPSC-Derived Retinal Organoids from Retinitis Pigmentosa Patients,170,no
retinal,10.1002/stem.2883,PMC6392112,Hallam,2018,"Stem cells (Dayton, Ohio)",tbd,tbd,CC-BY,yes,tbd,tbd,tbd,auto: europepmc CITED/recency pull,30004612,Human-Induced Pluripotent Stem Cells Generate Light Responsive Retinal Organoids with Variable and Nutrient-Dependent Efficiency,152,no
retinal,10.1016/j.stemcr.2020.05.007,PMC7363745,Lane,2020,Stem cell reports,tbd,tbd,CC-BY,yes,tbd,tbd,tbd,auto: europepmc CITED/recency pull,32531192,Modeling and Rescue of RP2 Retinitis Pigmentosa Using iPSC-Derived Retinal Organoids,142,no
retinal,10.1242/dev.189746,PMC7774906,O'Hara-Wright,2020,"Development (Cambridge, England)",tbd,tbd,CC-BY,yes,tbd,tbd,tbd,auto: europepmc CITED/recency pull,33361444,Retinal organoids: a window into human retinal development,121,no
retinal,10.1016/j.celrep.2020.01.007,PMC7901645,Sridhar,2020,Cell reports,tbd,tbd,CC-BY-NC,yes,tbd,yes,tbd,auto: europepmc CITED/recency pull,32023475,"Single-Cell Transcriptomic Comparison of Human Fetal Retina, hPSC-Derived Retinal Organoids, and Long-Term Retinal Cultures",240,no
retinal,10.1038/s41377-020-00375-8,PMC7429964,Scholler,2020,"Light, science & applications",tbd,tbd,CC-BY,yes,tbd,tbd,tbd,auto: europepmc CITED/recency pull,32864115,Dynamic full-field optical coherence tomography: 3D live-imaging of retinal organoids,106,no
retinal,10.1016/j.ajhg.2020.09.002,PMC7675008,de,2020,American journal of human genetics,tbd,tbd,CC-BY,yes,tbd,tbd,tbd,auto: europepmc CITED/recency pull,33022222,Structural Variants Create New Topological-Associated Domains and Ectopic Retinal Enhancer-Gene Contact in Dominant Retinitis Pigmentosa,103,no
retinal,10.1002/stem.2963,PMC6519347,Collin,2019,"Stem cells (Dayton, Ohio)",tbd,tbd,CC-BY,yes,tbd,tbd,tbd,auto: europepmc CITED/recency pull,30548510,Deconstructing Retinal Organoids: Single Cell RNA-Seq Reveals the Cellular Components of Human Pluripotent Stem Cell-Derived Retina,101,no
retinal,10.1038/s41587-023-01747-2,PMC10713453,Wahle,2023,Nature biotechnology,tbd,tbd,CC-BY,yes,tbd,tbd,tbd,auto: europepmc CITED/recency pull,37156914,Multimodal spatiotemporal phenotyping of human retinal organoid development,95,no
retinal,10.1186/s13287-018-0907-0,PMC5998504,Ovando-Roche,2018,Stem cell research & therapy,tbd,tbd,CC-BY,yes,tbd,tbd,tbd,auto: europepmc CITED/recency pull,29895313,Use of bioreactors for culturing human retinal organoids improves photoreceptor yields,94,no
retinal,10.7554/elife.22689,PMC5380436,Sidhaye,2017,eLife,tbd,tbd,CC-BY,yes,tbd,tbd,tbd,auto: europepmc CITED/recency pull,28372636,Concerted action of neuroepithelial basal shrinkage and active epithelial migration ensures efficient optic cup morphogenesis,90,no
vascular,10.1007/s00702-020-02198-8,PMC7577912,Wörsdörfer,2020,"Journal of neural transmission (Vienna, Austria : 1996)",tbd,tbd,CC-BY,yes,tbd,tbd,tbd,auto: europepmc CITED/recency pull,32385575,Do not keep it simple: recent advances in the generation of complex organoids,40,no
vascular,10.3389/fbioe.2020.00278,PMC7182037,Markou,2020,Frontiers in bioengineering and biotechnology,tbd,tbd,CC-BY,yes,tbd,tbd,tbd,auto: europepmc CITED/recency pull,32363181,Tissue Engineering Using Vascular Organoids From Human Pluripotent Stem Cell Derived Mural Cell Phenotypes,23,no
vascular,10.1002/advs.202501198,PMC12362823,Huang,2025,"Advanced science (Weinheim, Baden-Wurttemberg, Germany)",tbd,tbd,CC-BY,yes,tbd,tbd,tbd,auto: europepmc CITED/recency pull,40411400,Generation of Neural Organoids and Their Application in Disease Modeling and Regenerative Medicine,6,no
vascular,10.1038/s41467-024-45710-4,PMC10873332,Quintard,2024,Nature communications,tbd,tbd,CC-BY,yes,tbd,tbd,tbd,auto: europepmc CITED/recency pull,38365780,A microfluidic platform integrating functional vascularized organoids-on-chip,174,no
vascular,10.1124/pr.116.013003,PMC6934989,Paik,2020,Pharmacological reviews,tbd,tbd,CC-BY,yes,tbd,tbd,tbd,auto: europepmc CITED/recency pull,31871214,Patient and Disease-Specific Induced Pluripotent Stem Cells for Discovery of Personalized Cardiovascular Drugs and Therapeutics,147,no
vascular,10.3390/ijms22147284,PMC8306829,Méndez-Barbero,2021,International journal of molecular sciences,tbd,tbd,CC-BY,yes,tbd,tbd,tbd,auto: europepmc CITED/recency pull,34298897,Cellular Crosstalk between Endothelial and Smooth Muscle Cells in Vascular Wall Remodeling,134,no
vascular,10.3390/cells10082036,PMC8393185,Ahn,2021,Cells,tbd,tbd,CC-BY,yes,tbd,tbd,tbd,auto: europepmc CITED/recency pull,34440805,Human Blood Vessel Organoids Penetrate Human Cerebral Organoids and Form a Vessel-Like System,79,no
vascular,10.1016/j.crmeth.2024.100779,PMC11228284,Nwokoye,2024,Cell reports methods,tbd,tbd,CC-BY,yes,tbd,tbd,tbd,auto: europepmc CITED/recency pull,38759654,Bioengineering methods for vascularizing organoids,54,no
vascular,10.1186/s13287-021-02172-5,PMC7846910,Kong,2021,Stem cell research & therapy,tbd,tbd,CC-BY,yes,tbd,tbd,tbd,auto: europepmc CITED/recency pull,33516265,"Lung organoids, useful tools for investigating epithelial repair after lung injury",49,no
vascular,10.1002/advs.202104299,PMC8948571,Liu,2022,"Advanced science (Weinheim, Baden-Wurttemberg, Germany)",tbd,tbd,CC-BY,yes,tbd,tbd,tbd,auto: europepmc CITED/recency pull,35092352,hESCs-Derived Early Vascular Cell Spheroids for Cardiac Tissue Vascular Engineering and Myocardial Infarction Treatment,39,no
vascular,10.3389/fcell.2021.639299,PMC8097043,Meng,2021,Frontiers in cell and developmental biology,tbd,tbd,CC-BY,yes,tbd,tbd,tbd,auto: europepmc CITED/recency pull,33968926,Rebuilding the Vascular Network: <i>In vivo</i> and <i>in vitro</i> Approaches,39,no
vascular,10.3389/fcell.2021.696668,PMC8495170,Prasad,2021,Frontiers in cell and developmental biology,tbd,tbd,CC-BY,yes,tbd,tbd,tbd,auto: europepmc CITED/recency pull,34631696,Organoid Technology: A Reliable Developmental Biology Tool for Organ-Specific Nanotoxicity Evaluation,33,no
vascular,10.1038/s41578-022-00447-8,PMC9154041,O'Connor,2022,Nature reviews. Materials,tbd,tbd,unknown,yes,tbd,tbd,tbd,auto: europepmc CITED/recency pull,35669037,Engineering the multiscale complexity of vascular networks,166,no
vascular,10.1186/s13046-023-02926-4,PMC10724947,Bhattacharya,2023,Journal of experimental & clinical cancer research : CR,tbd,tbd,CC-BY,yes,tbd,tbd,tbd,auto: europepmc CITED/recency pull,38102637,Exploring the interaction between extracellular matrix components in a 3D organoid disease model to replicate the pathophysiology of breast cancer,31,no
vascular,10.3389/fcell.2021.639699,PMC8273765,Gähwiler,2021,Frontiers in cell and developmental biology,tbd,tbd,CC-BY,yes,tbd,tbd,tbd,auto: europepmc CITED/recency pull,34262897,Human iPSCs and Genome Editing Technologies for Precision Cardiovascular Tissue Engineering,30,no
vascular,10.1007/s00018-023-04951-0,PMC10560197,Gaston-Breton,2023,Cellular and molecular life sciences : CMLS,tbd,tbd,CC-BY,yes,tbd,tbd,tbd,auto: europepmc CITED/recency pull,37804439,Brain organoids for hypoxic-ischemic studies: from bench to bedside,16,no
vascular,10.1002/adhm.202502108,PMC12683213,Mostina,2025,Advanced healthcare materials,tbd,tbd,CC-BY,yes,tbd,tbd,tbd,auto: europepmc CITED/recency pull,40817680,Coordinated Development of Immune Cell Populations in Vascularized Skin Organoids from Human Induced Pluripotent Stem Cells,4,no
vascular,10.1007/s12015-025-10984-8,PMC12795959,Nguyen,2026,Stem cell reviews and reports,tbd,tbd,CC-BY,yes,tbd,tbd,tbd,auto: europepmc CITED/recency pull,40996655,Vascular Organoids Derived from Capillary malformation-induced Pluripotent Stem Cells Exhibit Disease-Relevant Phenotypes,1,no
